epoch,runtime
1,108.34709906578064
2,108.54006361961365
3,108.60843920707703
4,108.57330060005188
5,108.56699991226196
6,107.65881657600403
7,108.56910538673401
8,108.52650165557861
9,108.47548818588257
10,108.38575410842896
11,107.39731764793396
12,108.24025869369507
13,108.20017457008362
14,108.17951941490173
15,108.19732689857483
16,107.34342074394226
17,108.21508979797363
18,108.16446995735168
19,108.13446474075317
20,108.16654992103577
