epoch,runtime
1,109.60989570617676
2,109.21610593795776
3,108.91620016098022
4,108.97964239120483
5,109.18667364120483
6,108.88522481918335
7,109.18656706809998
8,109.00317120552063
9,109.0247905254364
10,109.05738663673401
11,108.47656321525574
12,109.02266788482666
13,109.01206111907959
14,108.88069152832031
15,109.13454842567444
16,108.58355069160461
17,109.14278721809387
18,109.0859785079956
19,109.06785225868225
20,109.0997896194458
