epoch,runtime
1,108.22337889671326
2,108.59141731262207
3,108.516286611557
4,108.48759031295776
5,108.51411819458008
6,107.6903076171875
7,108.68165588378906
8,108.57955861091614
9,108.48311567306519
10,108.43683552742004
11,107.72824883460999
12,108.71041440963745
13,108.65908694267273
14,108.5269296169281
15,108.47027373313904
16,107.48260188102722
17,108.43578362464905
18,108.40770268440247
19,108.18896627426147
20,108.09616041183472
