epoch,runtime
1,109.52034950256348
2,109.14397811889648
3,109.15825605392456
4,109.1852114200592
5,109.0012800693512
6,108.7276816368103
7,109.24046587944031
8,109.17889428138733
9,108.98245334625244
10,109.09733319282532
11,108.71040201187134
12,109.07040596008301
13,109.34721350669861
14,109.19440293312073
15,109.01271677017212
16,108.68412446975708
17,108.76378083229065
18,108.89704322814941
19,108.86680293083191
20,108.55639052391052
