epoch,runtime
1,109.09733629226685
2,109.16527318954468
3,109.09098100662231
4,108.85944032669067
5,109.04189205169678
6,108.18189120292664
7,108.89358425140381
8,108.61036205291748
9,108.9086594581604
10,108.73408317565918
11,108.3204596042633
12,108.4859766960144
13,108.57476449012756
14,108.71090912818909
15,108.76724219322205
16,108.15292835235596
17,108.56570601463318
18,108.55378484725952
19,108.61674761772156
20,108.48204851150513
