epoch,runtime
1,109.46127700805664
2,109.17786073684692
3,108.95387625694275
4,108.91217374801636
5,109.16519737243652
6,108.63729095458984
7,109.08798336982727
8,109.06184148788452
9,109.03304171562195
10,109.0108573436737
11,108.29018044471741
12,108.60528206825256
13,108.57668876647949
14,108.52228736877441
15,108.7327024936676
16,107.92281723022461
17,108.42994451522827
18,108.58272957801819
19,108.63435220718384
20,108.37919116020203
