epoch,runtime
1,109.51313614845276
2,109.05133199691772
3,109.04168009757996
4,109.21838927268982
5,108.99534869194031
6,108.29431509971619
7,108.80396270751953
8,108.57812714576721
9,108.61144757270813
10,108.51771330833435
11,108.25296568870544
12,108.70437788963318
13,108.76195454597473
14,108.7569727897644
15,108.6077139377594
16,108.22213578224182
17,108.59507727622986
18,108.5476930141449
19,108.77040386199951
20,108.4760959148407
