epoch,runtime
1,108.15401911735535
2,108.56706643104553
3,108.63890099525452
4,108.6072928905487
5,108.50839185714722
6,107.63366842269897
7,108.55165719985962
8,108.55618453025818
9,108.58049511909485
10,108.51373624801636
11,107.67487049102783
12,108.56190872192383
13,108.37405371665955
14,108.36915183067322
15,108.27235674858093
16,107.36278247833252
17,108.25113463401794
18,108.22994589805603
19,108.13490295410156
20,108.13504028320312
