epoch,runtime
1,108.33955097198486
2,108.63027215003967
3,108.66472101211548
4,108.63052082061768
5,108.58136081695557
6,107.7188720703125
7,108.5257773399353
8,108.54649353027344
9,108.45985412597656
10,108.43982005119324
11,107.4411973953247
12,108.32657098770142
13,108.32908153533936
14,108.3124303817749
15,108.29218173027039
16,107.38509750366211
17,108.31161975860596
18,108.33733129501343
19,108.36444330215454
20,108.32554006576538
