epoch,runtime
1,108.33174967765808
2,108.5409460067749
3,108.56621813774109
4,108.3959698677063
5,108.3010802268982
6,107.68098831176758
7,108.62516021728516
8,108.64742159843445
9,108.51812100410461
10,108.4289608001709
11,107.6570770740509
12,108.60526299476624
13,108.57589316368103
14,108.55922174453735
15,108.43601107597351
16,107.64501738548279
17,108.61814379692078
18,108.60606074333191
19,108.52555465698242
20,108.30076909065247
