epoch,runtime
1,108.06600499153137
2,108.55170965194702
3,108.59795904159546
4,108.53345656394958
5,108.51165580749512
6,107.57832837104797
7,108.6126651763916
8,108.44240760803223
9,108.40531969070435
10,108.30917310714722
11,107.31776571273804
12,108.1374261379242
13,108.17112803459167
14,108.13110399246216
15,108.12614321708679
16,107.23708534240723
17,108.16892409324646
18,108.15924334526062
19,108.15869355201721
20,108.15740036964417
