epoch,runtime
1,108.06122660636902
2,108.5444667339325
3,108.60030317306519
4,108.42892146110535
5,108.3786108493805
6,107.57429218292236
7,108.58307194709778
8,108.55256175994873
9,108.44592523574829
10,108.35597848892212
11,107.60925436019897
12,108.63351225852966
13,108.5475423336029
14,108.35578775405884
15,108.22293853759766
16,107.30536484718323
17,108.35349321365356
18,108.2647500038147
19,108.2246949672699
20,108.1338882446289
