epoch,runtime
1,109.94251203536987
2,109.17118763923645
3,108.93353724479675
4,109.25611925125122
5,108.881276845932
6,108.4895555973053
7,108.74809622764587
8,108.7067277431488
9,108.68131065368652
10,108.61259174346924
11,108.16053581237793
12,108.74819135665894
13,108.59007000923157
14,108.5624451637268
15,108.60149955749512
16,108.20654296875
17,108.90703201293945
18,108.89305877685547
19,108.69498109817505
20,108.70889019966125
