epoch,runtime
1,109.12647008895874
2,109.60879421234131
3,109.26595425605774
4,109.03812384605408
5,109.08552694320679
6,108.46625971794128
7,108.84998178482056
8,108.83892512321472
9,108.72940135002136
10,108.604825258255
11,108.22426772117615
12,108.83128499984741
13,108.79723310470581
14,108.48874521255493
15,108.9189658164978
16,107.96966934204102
17,108.53076314926147
18,108.52673077583313
19,108.43010759353638
20,108.62524890899658
