epoch,runtime
1,108.34771680831909
2,108.52167296409607
3,108.55976462364197
4,108.54835867881775
5,108.52871608734131
6,107.70613980293274
7,108.63400888442993
8,108.69016170501709
9,108.55052375793457
10,108.56780767440796
11,107.70577001571655
12,108.65484166145325
13,108.553546667099
14,108.5364408493042
15,108.5418975353241
16,107.66701936721802
17,108.68529009819031
18,108.46822118759155
19,108.31726598739624
20,108.27691078186035
