epoch,runtime
1,109.69383430480957
2,109.21802568435669
3,109.16258358955383
4,109.24817299842834
5,109.13322687149048
6,109.0482132434845
7,108.8978762626648
8,108.85801219940186
9,108.73636651039124
10,109.09637069702148
11,108.39370536804199
12,108.73312640190125
13,108.74771690368652
14,108.88845491409302
15,108.61128950119019
16,108.37603831291199
17,108.76322078704834
18,108.56222558021545
19,108.73046827316284
20,108.89784455299377
