epoch,runtime
1,108.25010633468628
2,108.44282937049866
3,108.39401507377625
4,108.41761875152588
5,108.34803652763367
6,107.55444192886353
7,108.48163318634033
8,108.26175570487976
9,108.22170853614807
10,108.12726259231567
11,107.23392939567566
12,108.11301779747009
13,108.04515981674194
14,107.94988226890564
15,107.96454310417175
16,107.19368267059326
17,108.18955659866333
18,108.10052704811096
19,108.00193428993225
20,107.94894576072693
