epoch,runtime
1,112.5192449092865
2,108.78331232070923
3,109.24277710914612
4,108.95597004890442
5,109.00880289077759
6,108.67830491065979
7,108.95118427276611
8,109.15415024757385
9,109.22946095466614
10,109.32783389091492
11,108.7890977859497
12,108.91882371902466
13,108.8198459148407
14,108.74395537376404
15,108.46106004714966
16,108.14064717292786
17,108.42565417289734
18,108.46084260940552
19,108.61322617530823
20,108.50855588912964
