epoch,runtime
1,109.6383147239685
2,109.00257587432861
3,109.01220273971558
4,109.28838467597961
5,109.46692490577698
6,108.78830337524414
7,109.11612248420715
8,109.08488345146179
9,109.15665125846863
10,108.97202348709106
11,108.88972330093384
12,109.07562851905823
13,109.02707314491272
14,109.21432495117188
15,109.20707273483276
16,108.8706738948822
17,109.19583749771118
18,109.2346019744873
19,109.25503015518188
20,109.09707951545715
