epoch,runtime
1,109.46417307853699
2,108.82141399383545
3,108.76381540298462
4,108.74014258384705
5,108.82807517051697
6,108.32975816726685
7,108.64644980430603
8,108.75299525260925
9,108.77836799621582
10,108.80566096305847
11,108.12647223472595
12,108.79223895072937
13,108.66829943656921
14,108.81836557388306
15,108.79874110221863
16,108.18175029754639
17,108.8747706413269
18,108.75620007514954
19,108.63318204879761
20,108.86490535736084
