epoch,runtime
1,109.6527419090271
2,109.03256916999817
3,109.33958125114441
4,109.33746719360352
5,109.38670134544373
6,109.07032752037048
7,109.05164170265198
8,109.0968770980835
9,108.98428320884705
10,108.97972917556763
11,108.70948553085327
12,109.10967564582825
13,109.115882396698
14,109.00874400138855
15,108.99298620223999
16,108.42723894119263
17,108.90358853340149
18,108.6713433265686
19,108.6254997253418
20,108.73021292686462
