epoch,runtime
1,108.3006238937378
2,108.54009556770325
3,108.58083581924438
4,108.53110575675964
5,108.53369307518005
6,107.59960556030273
7,108.6310064792633
8,108.64338850975037
9,108.60449123382568
10,108.54379105567932
11,107.624675989151
12,108.5432915687561
13,108.58855104446411
14,108.53993105888367
15,108.50456857681274
16,107.63554263114929
17,108.57431244850159
18,108.4304883480072
19,108.3972589969635
20,108.31231331825256
