epoch,runtime
1,109.36691522598267
2,109.11579728126526
3,109.05299425125122
4,108.88892531394958
5,109.22571063041687
6,108.70494842529297
7,109.01857924461365
8,109.00407528877258
9,109.00479912757874
10,108.99115467071533
11,108.5321319103241
12,109.02997350692749
13,109.01360082626343
14,108.99415397644043
15,108.76271796226501
16,108.27000761032104
17,108.76437664031982
18,108.97160959243774
19,108.8319685459137
20,108.64413070678711
