epoch,runtime
1,110.08901953697205
2,108.16644167900085
3,108.59439730644226
4,108.70278239250183
5,108.70338797569275
6,107.44548201560974
7,108.47703313827515
8,108.54058456420898
9,108.4585211277008
10,108.39453959465027
11,107.35980820655823
12,108.36407208442688
13,108.42140746116638
14,108.3322913646698
15,108.28061246871948
16,107.33998990058899
17,108.28347945213318
18,108.33629560470581
19,108.27673816680908
20,108.28785157203674
