epoch,runtime
1,108.2914354801178
2,108.59002447128296
3,108.57934188842773
4,108.45237827301025
5,108.33202862739563
6,107.40463495254517
7,108.36316585540771
8,108.32575798034668
9,108.20656228065491
10,108.05953431129456
11,107.25762677192688
12,108.20090889930725
13,108.23589563369751
14,108.13467860221863
15,108.03124904632568
16,107.17520999908447
17,108.16094398498535
18,108.1576657295227
19,108.1408851146698
20,108.07040405273438
