epoch,runtime
1,109.22149443626404
2,109.31939816474915
3,109.32077145576477
4,109.07465243339539
5,109.08601927757263
6,108.8631899356842
7,109.11306476593018
8,108.8604416847229
9,108.90150880813599
10,108.78159713745117
11,108.16708016395569
12,108.68166613578796
13,108.74474143981934
14,108.76742815971375
15,108.80485701560974
16,108.1919276714325
17,108.83557987213135
18,108.72513246536255
19,108.73980212211609
20,108.72036051750183
