epoch,runtime
1,109.41941523551941
2,109.14860606193542
3,109.14103198051453
4,109.0719301700592
5,109.03799247741699
6,108.97909498214722
7,109.22525024414062
8,109.4117841720581
9,109.05032563209534
10,109.15386176109314
11,108.79532361030579
12,109.10944294929504
13,109.00063037872314
14,109.1335768699646
15,108.97030401229858
16,108.5543167591095
17,109.02800440788269
18,108.97248649597168
19,108.91596817970276
20,108.71203351020813
