epoch,runtime
1,109.66613721847534
2,109.30750632286072
3,109.21711015701294
4,109.38445091247559
5,109.06101775169373
6,108.74565696716309
7,109.13648319244385
8,108.96631360054016
9,109.10364627838135
10,109.06498312950134
11,109.05921268463135
12,109.13989567756653
13,109.20417404174805
14,109.03411984443665
15,108.79797029495239
16,108.48627400398254
17,108.73190689086914
18,108.9252278804779
19,108.64511561393738
20,108.64886283874512
