epoch,runtime
1,108.4109046459198
2,108.63664317131042
3,108.56656646728516
4,108.51787567138672
5,108.30331540107727
6,107.40612959861755
7,108.40569972991943
8,108.36553382873535
9,108.17397260665894
10,108.05028057098389
11,107.29917359352112
12,108.26413679122925
13,108.29378175735474
14,108.1282172203064
15,108.04266810417175
16,107.24831438064575
17,108.23940753936768
18,108.25969767570496
19,108.17081117630005
20,108.02994227409363
