epoch,runtime
1,109.59398627281189
2,109.08858323097229
3,109.13985514640808
4,108.81503462791443
5,109.03751468658447
6,108.4326753616333
7,108.96975708007812
8,108.80584120750427
9,108.5799708366394
10,108.73560976982117
11,108.08940935134888
12,108.67986154556274
13,108.78386211395264
14,108.68763637542725
15,108.48695230484009
16,108.04956102371216
17,108.62856221199036
18,108.78568434715271
19,108.95600652694702
20,108.61384224891663
