epoch,runtime
1,108.36426877975464
2,108.68122506141663
3,108.71605157852173
4,108.65261912345886
5,108.52724504470825
6,107.67024993896484
7,108.68414449691772
8,108.7026743888855
9,108.65218234062195
10,108.58389401435852
11,107.60938954353333
12,108.65254616737366
13,108.67385125160217
14,108.63790345191956
15,108.57726192474365
16,107.61088538169861
17,108.59293150901794
18,108.68383455276489
19,108.55630230903625
20,108.41764497756958
