epoch,runtime
1,109.42795419692993
2,109.4161422252655
3,109.19961953163147
4,109.18921947479248
5,108.94264483451843
6,108.89918947219849
7,109.36632180213928
8,108.95382237434387
9,109.02084994316101
10,109.0452892780304
11,108.7864282131195
12,109.17961859703064
13,109.11131525039673
14,109.01639890670776
15,109.23278498649597
16,108.45941972732544
17,109.11997938156128
18,109.02663779258728
19,108.90693068504333
20,109.33197283744812
