epoch,runtime
1,109.18001961708069
2,109.12462735176086
3,109.10557651519775
4,109.20128989219666
5,109.01082634925842
6,108.56512188911438
7,109.22229552268982
8,109.06277537345886
9,109.35296559333801
10,109.22242903709412
11,108.58586835861206
12,108.86378955841064
13,108.73638319969177
14,108.73887228965759
15,108.69223308563232
16,108.35425782203674
17,108.56292939186096
18,108.69277596473694
19,108.6979444026947
20,108.68029832839966
