neighbourhood,nearest_n,mean_rank,median_rank
morgan,20,9.0,12.666666666666666
morgan,10,10.0,14.0
RDK,10,11.0,10.0
morgan,5,12.0,11.666666666666666
MAP4,10,13.0,13.0
MAP4,20,14.0,15.666666666666666
MAP4,5,15.0,12.666666666666666
RDK,20,16.0,14.333333333333334
RDK,5,17.0,13.0
