Neighbourhood,Number of neighbours,Mean rank
RDK,10,10.0
morgan,5,11.666666666666666
MAP4,5,12.666666666666666
morgan,20,12.666666666666666
MAP4,10,13.0
RDK,5,13.0
morgan,10,14.0
RDK,20,14.333333333333334
MAP4,20,15.666666666666666
