epoch,runtime
1,108.30967140197754
2,108.73648524284363
3,108.62482643127441
4,108.50766396522522
5,108.46108865737915
6,107.72841238975525
7,108.67631411552429
8,108.5723009109497
9,108.40649890899658
10,108.22877430915833
11,107.3555998802185
12,108.37894892692566
13,108.35902404785156
14,108.24156665802002
15,108.08758640289307
16,107.31133246421814
17,108.32799553871155
18,108.38371229171753
19,108.30162596702576
20,108.14700198173523
