epoch,runtime
1,107.91814279556274
2,108.53998494148254
3,108.57894492149353
4,108.4999611377716
5,108.26238346099854
6,107.34469652175903
7,108.37963724136353
8,108.35414147377014
9,108.2838408946991
10,108.23225331306458
11,107.3180000782013
12,108.31575584411621
13,108.33549237251282
14,108.3038158416748
15,108.26427912712097
16,107.28645157814026
17,108.28249430656433
18,108.28144550323486
19,108.24290323257446
20,108.22320938110352
