epoch,runtime
1,108.6297824382782
2,108.50131964683533
3,108.51810240745544
4,108.50017786026001
5,108.45434069633484
6,107.38631701469421
7,108.31459665298462
8,108.29764723777771
9,108.24278092384338
10,108.17698264122009
11,107.17322516441345
12,108.14982295036316
13,108.16378259658813
14,108.15987420082092
15,108.09663653373718
16,107.23477387428284
17,108.14651656150818
18,108.15557885169983
19,108.1105215549469
20,108.13453984260559
