epoch,runtime
1,108.2768919467926
2,108.54331707954407
3,108.54976868629456
4,108.45898461341858
5,108.31457424163818
6,107.52900338172913
7,108.54994916915894
8,108.60248970985413
9,108.52796816825867
10,108.42894911766052
11,107.51228976249695
12,108.49044752120972
13,108.54639267921448
14,108.50137829780579
15,108.48527646064758
16,107.36896014213562
17,108.33996558189392
18,108.3321430683136
19,108.23693609237671
20,108.17435121536255
