epoch,runtime
1,108.05063772201538
2,108.51828622817993
3,108.33954453468323
4,108.24229168891907
5,108.21356153488159
6,107.29104208946228
7,108.30782341957092
8,108.19596195220947
9,108.12331080436707
10,108.11966061592102
11,107.32821559906006
12,108.34983539581299
13,108.2348141670227
14,108.08240532875061
15,108.06617951393127
16,107.28848719596863
17,108.29549288749695
18,108.26269245147705
19,108.12869024276733
20,108.07979202270508
