epoch,runtime
1,109.17172646522522
2,109.03568887710571
3,109.08244967460632
4,108.95371699333191
5,108.85957980155945
6,108.54183173179626
7,109.1537275314331
8,108.95819139480591
9,108.83983969688416
10,108.87522864341736
11,108.62979173660278
12,109.24601125717163
13,109.05269289016724
14,109.02976298332214
15,108.7123954296112
16,108.39692902565002
17,108.54760766029358
18,108.77299737930298
19,108.68688702583313
20,108.72499322891235
