epoch,runtime
1,108.29823088645935
2,108.53164434432983
3,108.51520323753357
4,108.50806760787964
5,108.49146556854248
6,107.70033621788025
7,108.64409852027893
8,108.5686662197113
9,108.52425646781921
10,108.51843738555908
11,107.71038842201233
12,108.67297959327698
13,108.54052710533142
14,108.49426889419556
15,108.48934483528137
16,107.67089676856995
17,108.65349960327148
18,108.62926483154297
19,108.39696621894836
20,108.30166101455688
